auto_redeem_block,auto_redeem_gas_used,auto_redeem_receipt_status,auto_redeem_timestamp,auto_redeem_tx_hash,call_data,call_value_refund_address,child_chain_id,consuming_batch_link_status,consuming_batch_sequence,creation_receipt_status,creation_status,derivation,dest_address,excess_fee_refund_address,failure_reason,gas_limit,l1_block_hash,l1_block_number,l1_block_timestamp,l1_log_index,l1_tx_hash,l1_value,l2_call_value,l2_creation_block,l2_creation_block_hash,l2_creation_gas_used,l2_creation_timestamp,l2_creation_tx_hash,l2_creation_tx_index,mapping_confidence,mapping_method,mapping_status,max_fee_per_gas,max_submission_fee,message_kind,message_number,parent_base_fee,payload_hash,raw_event_data,redeem_status,retryable_creation_id,sender,w_effect_seconds,w_ingest_seconds
486774999,95174,1,1784784999,0x7bdca971cfd4c469ad91c9c7fb837f91d328f76e883589b4bcfd5c1e8eaac9e6,0x2e567b360000000000000000000000002260fac5e5542a773aa44fbcfedf7c193bc2c59900000000000000000000000030af08591b47e42dd917d7a20c26b663a12d621600000000000000000000000030af08591b47e42dd917d7a20c26b663a12d621600000000000000000000000000000000000000000000000000000000002c586200000000000000000000000000000000000000000000000000000000000000a000000000000000000000000000000000000000000000000000000000000002200000000000000000000000000000000000000000000000000000000000000040000000000000000000000000000000000000000000000000000000000000020000000000000000000000000000000000000000000000000000000000000001a0000000000000000000000000000000000000000000000000000000000000006000000000000000000000000000000000000000000000000000000000000000e0000000000000000000000000000000000000000000000000000000000000016000000000000000000000000000000000000000000000000000000000000000600000000000000000000000000000000000000000000000000000000000000020000000000000000000000000000000000000000000000000000000000000000b57726170706564204254430000000000000000000000000000000000000000000000000000000000000000000000000000000000000000000000000000000060000000000000000000000000000000000000000000000000000000000000002000000000000000000000000000000000000000000000000000000000000000045742544300000000000000000000000000000000000000000000000000000000000000000000000000000000000000000000000000000000000000000000002000000000000000000000000000000000000000000000000000000000000000080000000000000000000000000000000000000000000000000000000000000000,0x30af08591b47e42dd917d7a20c26b663a12d6216,42161,range,1300992,1,created,SDK-compatible EIP-2718 type 0x69 RLP + keccak256,0x09e9222e96e7b4ae2a407b98d48e330053351eee,0x30af08591b47e42dd917d7a20c26b663a12d6216,,125658,0xeb734925470b73374fd702494e20e2850f843b7cb8e3497da53df1e6cdb13cc4,25593342,1784784503,502,0x2d1142b5f8d3e33d60360663e4afab1f479baa148425f11c0bd7d819f005a58c,18016602136640,0,486774999,0x095ff45896603f569f15518f23d83b70483371c18f4bd3d8a9412d5584a1c2a3,125658,1784784999,0xb015106783cd3a379036914bcb01c632b8c502b3e0e67b34b258281a9cab70a2,1,high,official SDK-compatible retryable creation id -> L2 receipt,exact,120156000,2918039488640,9,2514427,95971083,0x92ff5d92d3fbd4056deb40a327f45d069d8b6ad8deb30f3376a301fac471d95c,0x00000000000000000000000009e9222e96e7b4ae2a407b98d48e330053351eee000000000000000000000000000000000000000000000000000000000000000000000000000000000000000000000000000000000000000000001062d12ba040000000000000000000000000000000000000000000000000000002a768b5088000000000000000000000000030af08591b47e42dd917d7a20c26b663a12d621600000000000000000000000030af08591b47e42dd917d7a20c26b663a12d6216000000000000000000000000000000000000000000000000000000000001eada0000000000000000000000000000000000000000000000000000000007296f6000000000000000000000000000000000000000000000000000000000000002e42e567b360000000000000000000000002260fac5e5542a773aa44fbcfedf7c193bc2c59900000000000000000000000030af08591b47e42dd917d7a20c26b663a12d621600000000000000000000000030af08591b47e42dd917d7a20c26b663a12d621600000000000000000000000000000000000000000000000000000000002c586200000000000000000000000000000000000000000000000000000000000000a000000000000000000000000000000000000000000000000000000000000002200000000000000000000000000000000000000000000000000000000000000040000000000000000000000000000000000000000000000000000000000000020000000000000000000000000000000000000000000000000000000000000001a0000000000000000000000000000000000000000000000000000000000000006000000000000000000000000000000000000000000000000000000000000000e0000000000000000000000000000000000000000000000000000000000000016000000000000000000000000000000000000000000000000000000000000000600000000000000000000000000000000000000000000000000000000000000020000000000000000000000000000000000000000000000000000000000000000b57726170706564204254430000000000000000000000000000000000000000000000000000000000000000000000000000000000000000000000000000000060000000000000000000000000000000000000000000000000000000000000002000000000000000000000000000000000000000000000000000000000000000045742544300000000000000000000000000000000000000000000000000000000000000000000000000000000000000000000000000000000000000000000002000000000000000000000000000000000000000000000000000000000000000080000000000000000000000000000000000000000000000000000000000000000,auto_redeem_success,0xb015106783cd3a379036914bcb01c632b8c502b3e0e67b34b258281a9cab70a2,0xb4b8b6f88361f48403514059f1f16c8e78d61ffd,496,496
486776549,95174,1,1784785389,0x043ba7a512f1f3a6c3ffeb9b721dea49ac13c23de6b0b2ab496156e900c66166,0x2e567b36000000000000000000000000ba100000625a3754423978a60c9317c58a424e3d00000000000000000000000049719d256a5ea16bfa579ea16e95bea9fa41a45200000000000000000000000049719d256a5ea16bfa579ea16e95bea9fa41a45200000000000000000000000000000000000000000000000f38bc1dd78e99ee7c00000000000000000000000000000000000000000000000000000000000000a000000000000000000000000000000000000000000000000000000000000002200000000000000000000000000000000000000000000000000000000000000040000000000000000000000000000000000000000000000000000000000000020000000000000000000000000000000000000000000000000000000000000001a0000000000000000000000000000000000000000000000000000000000000006000000000000000000000000000000000000000000000000000000000000000e0000000000000000000000000000000000000000000000000000000000000016000000000000000000000000000000000000000000000000000000000000000600000000000000000000000000000000000000000000000000000000000000020000000000000000000000000000000000000000000000000000000000000000842616c616e63657200000000000000000000000000000000000000000000000000000000000000000000000000000000000000000000000000000000000000600000000000000000000000000000000000000000000000000000000000000020000000000000000000000000000000000000000000000000000000000000000342414c0000000000000000000000000000000000000000000000000000000000000000000000000000000000000000000000000000000000000000000000002000000000000000000000000000000000000000000000000000000000000000120000000000000000000000000000000000000000000000000000000000000000,0x49719d256a5ea16bfa579ea16e95bea9fa41a452,42161,range,1300992,1,created,SDK-compatible EIP-2718 type 0x69 RLP + keccak256,0x09e9222e96e7b4ae2a407b98d48e330053351eee,0x49719d256a5ea16bfa579ea16e95bea9fa41a452,,300000,0x380309da0b541ee1ec7435e044eaa487634aae29a9810530ca76f502729ed10f,25593358,1784784707,191,0x60fd2a2dc24b2fbfe7a96fbda2d9e64d25831e78131be197378d6356459d7e00,32503821987000,0,486776549,0x27f2bcbeecac4dddb775e17d7dc5e2de7967afaa4e7ec5664a9fe36b92b1d035,300000,1784785389,0x27758988f6606e7dc4ad8f19d5d4542441742e7323f92b2467570d79f0b11b29,1,high,official SDK-compatible retryable creation id -> L2 receipt,exact,100310000,2410821987000,9,2514429,109063341,0xdc83e65e0cc1b160ab58a36c79ea13fcd2f93d426e29b7ce9a9a4bffd27e3fca,0x00000000000000000000000009e9222e96e7b4ae2a407b98d48e330053351eee000000000000000000000000000000000000000000000000000000000000000000000000000000000000000000000000000000000000000000001d8fe2c36cb80000000000000000000000000000000000000000000000000000023150302ab800000000000000000000000049719d256a5ea16bfa579ea16e95bea9fa41a45200000000000000000000000049719d256a5ea16bfa579ea16e95bea9fa41a45200000000000000000000000000000000000000000000000000000000000493e00000000000000000000000000000000000000000000000000000000005fa9bf000000000000000000000000000000000000000000000000000000000000002e42e567b36000000000000000000000000ba100000625a3754423978a60c9317c58a424e3d00000000000000000000000049719d256a5ea16bfa579ea16e95bea9fa41a45200000000000000000000000049719d256a5ea16bfa579ea16e95bea9fa41a45200000000000000000000000000000000000000000000000f38bc1dd78e99ee7c00000000000000000000000000000000000000000000000000000000000000a000000000000000000000000000000000000000000000000000000000000002200000000000000000000000000000000000000000000000000000000000000040000000000000000000000000000000000000000000000000000000000000020000000000000000000000000000000000000000000000000000000000000001a0000000000000000000000000000000000000000000000000000000000000006000000000000000000000000000000000000000000000000000000000000000e0000000000000000000000000000000000000000000000000000000000000016000000000000000000000000000000000000000000000000000000000000000600000000000000000000000000000000000000000000000000000000000000020000000000000000000000000000000000000000000000000000000000000000842616c616e63657200000000000000000000000000000000000000000000000000000000000000000000000000000000000000000000000000000000000000600000000000000000000000000000000000000000000000000000000000000020000000000000000000000000000000000000000000000000000000000000000342414c0000000000000000000000000000000000000000000000000000000000000000000000000000000000000000000000000000000000000000000000002000000000000000000000000000000000000000000000000000000000000000120000000000000000000000000000000000000000000000000000000000000000,auto_redeem_success,0x27758988f6606e7dc4ad8f19d5d4542441742e7323f92b2467570d79f0b11b29,0xb4b8b6f88361f48403514059f1f16c8e78d61ffd,682,682
486779582,81826,1,1784786154,0xc2b79a09fbcd4c08288315f2316cb9e6848cb88629c15ebe6cbc84ffcf03b7cb,0x2e567b36000000000000000000000000c02aaa39b223fe8d0a0e5c4f27ead9083c756cc2000000000000000000000000c186fa914353c44b2e33ebe05f21846f1048beda000000000000000000000000e35e9842fceaca96570b734083f4a58e8f7c5f2a0000000000000000000000000000000000000000000000000348d010de18114100000000000000000000000000000000000000000000000000000000000000a000000000000000000000000000000000000000000000000000000000000000800000000000000000000000000000000000000000000000000000000000000040000000000000000000000000000000000000000000000000000000000000006000000000000000000000000000000000000000000000000000000000000000000000000000000000000000000000000000000000000000000000000000000000,0xd297fa914353c44b2e33ebe05f21846f1048cfeb,42161,range,1300992,1,created,SDK-compatible EIP-2718 type 0x69 RLP + keccak256,0x6c411ad3e74de3e7bd422b94a27770f5b86c623b,0x07ae8551be970cb1cca11dd7a11f47ae82e70e67,,300000,0xa54797e8448f05e1ba0835d615c5bc1e22aab6bdb0e88a98fa619e5e9bf7aba5,25593416,1784785403,402,0xcaa508a11b02af7dc5172c705a9de215606da82c3e99207c3a82afc6b89b7107,248167751301124417,236667751301124417,486779582,0x0e79ec92f1c7296f3efa033a1058eb0de09328fd7e183ad4be9136b2b667edd7,300000,1784786154,0x3d80af470a1ae0bb81124cc7b1bda8dc4006f72f4daa014ced31e410a535945d,1,high,official SDK-compatible retryable creation id -> L2 receipt,exact,5000000000,10000000000000000,9,2514435,107622299,0x232ab87b723c92b23c5fcd6cf6b895a48c5c95613102b1db289c9a8b1274d0e5,0x0000000000000000000000006c411ad3e74de3e7bd422b94a27770f5b86c623b0000000000000000000000000000000000000000000000000348d010de1811410000000000000000000000000000000000000000000000000371ab414502d141000000000000000000000000000000000000000000000000002386f26fc1000000000000000000000000000007ae8551be970cb1cca11dd7a11f47ae82e70e67000000000000000000000000d297fa914353c44b2e33ebe05f21846f1048cfeb00000000000000000000000000000000000000000000000000000000000493e0000000000000000000000000000000000000000000000000000000012a05f20000000000000000000000000000000000000000000000000000000000000001442e567b36000000000000000000000000c02aaa39b223fe8d0a0e5c4f27ead9083c756cc2000000000000000000000000c186fa914353c44b2e33ebe05f21846f1048beda000000000000000000000000e35e9842fceaca96570b734083f4a58e8f7c5f2a0000000000000000000000000000000000000000000000000348d010de18114100000000000000000000000000000000000000000000000000000000000000a000000000000000000000000000000000000000000000000000000000000000800000000000000000000000000000000000000000000000000000000000000040000000000000000000000000000000000000000000000000000000000000006000000000000000000000000000000000000000000000000000000000000000000000000000000000000000000000000000000000000000000000000000000000,auto_redeem_success,0x3d80af470a1ae0bb81124cc7b1bda8dc4006f72f4daa014ced31e410a535945d,0xea3123e9d9911199a6711321d1277285e6d4f3ec,751,751
486779583,63096,1,1784786154,0x42e06fc13108ed2d14156c72f7fd1a183823ca5cbed8b3fc6820cfed57c23d86,0x493a4f848c8d6c356cfffe6d140537e9809b76373f94e883aab1fc3af85f12e8b064126d0000000000000000000000000000000000000000000000000000000000000000,0x07ae8551be970cb1cca11dd7a11f47ae82e70e67,42161,range,1300992,1,created,SDK-compatible EIP-2718 type 0x69 RLP + keccak256,0xe35e9842fceaca96570b734083f4a58e8f7c5f2a,0x07ae8551be970cb1cca11dd7a11f47ae82e70e67,,2000000,0xa54797e8448f05e1ba0835d615c5bc1e22aab6bdb0e88a98fa619e5e9bf7aba5,25593416,1784785403,407,0xcaa508a11b02af7dc5172c705a9de215606da82c3e99207c3a82afc6b89b7107,20000000000000000,0,486779583,0x7eecb5c220c2d46beb52b9bf34a9ccd70ad731d051e10dd149f145614c7d3085,2000000,1784786154,0xf3ea300315f79c15fd0d1d5b589e1315539d648d3d9c15bc194c6886a0589366,1,high,official SDK-compatible retryable creation id -> L2 receipt,exact,5000000000,10000000000000000,9,2514436,107622299,0xd2fec09d5c9e70e56e46a8ecb8816fdde636a65eb96319696effac4c46502d96,0x000000000000000000000000e35e9842fceaca96570b734083f4a58e8f7c5f2a000000000000000000000000000000000000000000000000000000000000000000000000000000000000000000000000000000000000000000470de4df820000000000000000000000000000000000000000000000000000002386f26fc1000000000000000000000000000007ae8551be970cb1cca11dd7a11f47ae82e70e6700000000000000000000000007ae8551be970cb1cca11dd7a11f47ae82e70e6700000000000000000000000000000000000000000000000000000000001e8480000000000000000000000000000000000000000000000000000000012a05f2000000000000000000000000000000000000000000000000000000000000000044493a4f848c8d6c356cfffe6d140537e9809b76373f94e883aab1fc3af85f12e8b064126d0000000000000000000000000000000000000000000000000000000000000000,auto_redeem_success,0xf3ea300315f79c15fd0d1d5b589e1315539d648d3d9c15bc194c6886a0589366,0xd297fa914353c44b2e33ebe05f21846f1048cfeb,751,751
486785661,83380,1,1784787685,0x203c728b8f6e78909906bdf0208437dbcc70cebb42196dcb6b03de07d52b1bf7,0x493a4f845e773cd36519bbee281c13c1c1d8834df66607d22c1bf970e27f35fc04a2c7329ea8147fb087456b75c7d16bc2c516981dbbc80e3d903ef023b5e7c751654c1d,0x07ae8551be970cb1cca11dd7a11f47ae82e70e67,42161,range,1300992,1,created,SDK-compatible EIP-2718 type 0x69 RLP + keccak256,0xe35e9842fceaca96570b734083f4a58e8f7c5f2a,0x07ae8551be970cb1cca11dd7a11f47ae82e70e67,,2000000,0x1430180d981e2b9d4388962acf74427101b3eefd7a02b48f05deeb343f4a2b1b,25593572,1784787275,1399,0x0494a9f14adfb4cd668119c2b281d4ead7a5be137a2e9444d199053aeeeb0612,20000000000000000,0,486785661,0x2d4b56e2d243adeaace7b676f8a357b92cf85b34388a8774edcf5f350f34de35,2000000,1784787685,0xdb33e1cbd70e2b668b2993bcfd0d2d59f42ff232a73706644526305b08f9030c,1,high,official SDK-compatible retryable creation id -> L2 receipt,exact,5000000000,10000000000000000,9,2514449,78397588,0xa9394b646880f9e24207f4dbc644b904cbd14cc7e2f6425c162f02836d70c55a,0x000000000000000000000000e35e9842fceaca96570b734083f4a58e8f7c5f2a000000000000000000000000000000000000000000000000000000000000000000000000000000000000000000000000000000000000000000470de4df820000000000000000000000000000000000000000000000000000002386f26fc1000000000000000000000000000007ae8551be970cb1cca11dd7a11f47ae82e70e6700000000000000000000000007ae8551be970cb1cca11dd7a11f47ae82e70e6700000000000000000000000000000000000000000000000000000000001e8480000000000000000000000000000000000000000000000000000000012a05f2000000000000000000000000000000000000000000000000000000000000000044493a4f845e773cd36519bbee281c13c1c1d8834df66607d22c1bf970e27f35fc04a2c7329ea8147fb087456b75c7d16bc2c516981dbbc80e3d903ef023b5e7c751654c1d,auto_redeem_success,0xdb33e1cbd70e2b668b2993bcfd0d2d59f42ff232a73706644526305b08f9030c,0xd297fa914353c44b2e33ebe05f21846f1048cfeb,410,410
486787207,21055,1,1784788075,0xd36cf03d31a6f43d1d3394c1c0accdb684377d2f7cc97086fc383fc923168444,0x,0x9348ecdbd581e432217e1bd2303a42986537e91e,42161,range,1300992,1,created,SDK-compatible EIP-2718 type 0x69 RLP + keccak256,0x9348ecdbd581e432217e1bd2303a42986537e91e,0x9348ecdbd581e432217e1bd2303a42986537e91e,,21986,0x1013734d850ab61140cbd6b96e2322ce9c8ffc33141ecfb4ef168c372c32cb44,25593578,1784787347,142,0x12e2ac5d6a38122cc21fd7b586e1062bf41f73968bf005635d8a1d73507eeb53,5209865960721071,5206733347565071,486787207,0x3c34b28341a2eb542bf3858728b6e5391e318777ad8af71d655c2f3a7144482a,21986,1784788075,0x6a5e979754a4eb104a809717d77adbf01cadd7ed4a3fca2d47d49fcbe0daf608,1,high,official SDK-compatible retryable creation id -> L2 receipt,exact,120000000,494293156000,9,2514450,96138819,0x65318a2a0c7080e7547bf5be9277d39152ceb4520ad139c45452fc52fab88eee,0x0000000000000000000000009348ecdbd581e432217e1bd2303a42986537e91e00000000000000000000000000000000000000000000000000127f7f139f2e0f0000000000000000000000000000000000000000000000000012825871ea8aaf00000000000000000000000000000000000000000000000000000073162b00a00000000000000000000000009348ecdbd581e432217e1bd2303a42986537e91e0000000000000000000000009348ecdbd581e432217e1bd2303a42986537e91e00000000000000000000000000000000000000000000000000000000000055e20000000000000000000000000000000000000000000000000000000007270e000000000000000000000000000000000000000000000000000000000000000000,auto_redeem_success,0x6a5e979754a4eb104a809717d77adbf01cadd7ed4a3fca2d47d49fcbe0daf608,0x2342deb6f5749ef6ce6943a275a1d3e7486f5fbf,728,728
486787209,577105,1,1784788075,0xceeff90ba4698088fc7115e756466e71d71865c7570c0102084224a39c071bf7,0x2e567b36000000000000000000000000998f02a9e343ef6e3e6f28700d5a20f839fd74e6000000000000000000000000b499a6e48476c7c8163aa0a16e6ef378fe25ba1c000000000000000000000000b499a6e48476c7c8163aa0a16e6ef378fe25ba1c000000000000000000000000000000000000000000000002985ca8e1c050a5f000000000000000000000000000000000000000000000000000000000000000a000000000000000000000000000000000000000000000000000000000000002400000000000000000000000000000000000000000000000000000000000000040000000000000000000000000000000000000000000000000000000000000022000000000000000000000000000000000000000000000000000000000000001c0000000000000000000000000000000000000000000000000000000000000006000000000000000000000000000000000000000000000000000000000000001000000000000000000000000000000000000000000000000000000000000000180000000000000000000000000000000000000000000000000000000000000008000000000000000000000000000000000000000000000000000000000000000200000000000000000000000000000000000000000000000000000000000000022526f62696e686f6f64204d61726b65747320284f6e646f20546f6b656e697a656429000000000000000000000000000000000000000000000000000000000000000000000000000000000000000000000000000000000000000000000000006000000000000000000000000000000000000000000000000000000000000000200000000000000000000000000000000000000000000000000000000000000006484f4f446f6e0000000000000000000000000000000000000000000000000000000000000000000000000000000000000000000000000000000000000000002000000000000000000000000000000000000000000000000000000000000000120000000000000000000000000000000000000000000000000000000000000000,0xb499a6e48476c7c8163aa0a16e6ef378fe25ba1c,42161,range,1300992,1,created,SDK-compatible EIP-2718 type 0x69 RLP + keccak256,0x09e9222e96e7b4ae2a407b98d48e330053351eee,0xb499a6e48476c7c8163aa0a16e6ef378fe25ba1c,,761957,0x3024a3e827b4c907a5e34785d49ee25a76b0390beb2c4110572634bccb5a4457,25593588,1784787467,85,0x06ab7a17232e0beab728a11dec3d3f4766de7757738c7e80f73b5587cdaf9204,94124300750080,0,486787209,0xeafeb11cc2d8e84cd5ded97bc47ee76fd62a5e0e8910e64510012166ac9413c3,761957,1784788075,0xbc71bbe6daef2bd126af0edbf97f79fbd1ae67a819924e5d1ef8e1b0d1eada7a,1,high,official SDK-compatible retryable creation id -> L2 receipt,exact,120312000,2451730166080,9,2514452,106601587,0x01ea134362fa706e507345a32118d8c161a601d2dd80b1292c439dade26e82a0,0x00000000000000000000000009e9222e96e7b4ae2a407b98d48e330053351eee00000000000000000000000000000000000000000000000000000000000000000000000000000000000000000000000000000000000000000000559b0582cd000000000000000000000000000000000000000000000000000000023ad6817140000000000000000000000000b499a6e48476c7c8163aa0a16e6ef378fe25ba1c000000000000000000000000b499a6e48476c7c8163aa0a16e6ef378fe25ba1c00000000000000000000000000000000000000000000000000000000000ba06500000000000000000000000000000000000000000000000000000000072bd0c000000000000000000000000000000000000000000000000000000000000003042e567b36000000000000000000000000998f02a9e343ef6e3e6f28700d5a20f839fd74e6000000000000000000000000b499a6e48476c7c8163aa0a16e6ef378fe25ba1c000000000000000000000000b499a6e48476c7c8163aa0a16e6ef378fe25ba1c000000000000000000000000000000000000000000000002985ca8e1c050a5f000000000000000000000000000000000000000000000000000000000000000a000000000000000000000000000000000000000000000000000000000000002400000000000000000000000000000000000000000000000000000000000000040000000000000000000000000000000000000000000000000000000000000022000000000000000000000000000000000000000000000000000000000000001c0000000000000000000000000000000000000000000000000000000000000006000000000000000000000000000000000000000000000000000000000000001000000000000000000000000000000000000000000000000000000000000000180000000000000000000000000000000000000000000000000000000000000008000000000000000000000000000000000000000000000000000000000000000200000000000000000000000000000000000000000000000000000000000000022526f62696e686f6f64204d61726b65747320284f6e646f20546f6b656e697a656429000000000000000000000000000000000000000000000000000000000000000000000000000000000000000000000000000000000000000000000000006000000000000000000000000000000000000000000000000000000000000000200000000000000000000000000000000000000000000000000000000000000006484f4f446f6e0000000000000000000000000000000000000000000000000000000000000000000000000000000000000000000000000000000000000000002000000000000000000000000000000000000000000000000000000000000000120000000000000000000000000000000000000000000000000000000000000000,auto_redeem_success,0xbc71bbe6daef2bd126af0edbf97f79fbd1ae67a819924e5d1ef8e1b0d1eada7a,0xb4b8b6f88361f48403514059f1f16c8e78d61ffd,608,608
486787211,34746,1,1784788075,0x18276b565562e9739f6cb0cc082b43e6c0a893a71b069582ba65685c2ad70332,0x69ea17710000000000000000000000000000000000000000000000001035a0c89cc4e8d1,0xc5d291607600044348e5014404cc18394bd1d57d,42161,range,1300992,1,created,SDK-compatible EIP-2718 type 0x69 RLP + keccak256,0x594fb75d3dc2dfa0150ad03f99f97817747dd4e1,0xc5d291607600044348e5014404cc18394bd1d57d,,40000,0x024b3e699366f5f1433693dce283883f39061f39c4a9c93b2547bc5d9af844a9,25593604,1784787659,98,0x38a6dbaf6675a542cea2bdf1bc8f8ddf9cbc55cb86097251100100ca19e4236e,4789561116800,0,486787211,0x16579f905a5435bf0c078d599b25fee81bccd610ccaf09c95cc951b0c28cef2d,40000,1784788075,0x47093b2131c7350aa336ff56fa5b1f7d3dd729802cca7e40fd63a20e75fd48dd,1,high,official SDK-compatible retryable creation id -> L2 receipt,exact,100000000,789561116800,9,2514454,94787604,0xd2ca1a935fd159129d5c32e44ff73dc8db88146b703821e824f8ea95742fa8be,0x000000000000000000000000594fb75d3dc2dfa0150ad03f99f97817747dd4e100000000000000000000000000000000000000000000000000000000000000000000000000000000000000000000000000000000000000000000045b2816c880000000000000000000000000000000000000000000000000000000b7d5828880000000000000000000000000c5d291607600044348e5014404cc18394bd1d57d000000000000000000000000c5d291607600044348e5014404cc18394bd1d57d0000000000000000000000000000000000000000000000000000000000009c400000000000000000000000000000000000000000000000000000000005f5e100000000000000000000000000000000000000000000000000000000000000002469ea17710000000000000000000000000000000000000000000000001035a0c89cc4e8d1,auto_redeem_success,0x47093b2131c7350aa336ff56fa5b1f7d3dd729802cca7e40fd63a20e75fd48dd,0x16440300f829ad3fc8f33838bc88cfc4093bbe64,416,416
486787212,34974,1,1784788075,0x1efec0e14d0c222e86d37d6bc91320816b928314a178e5cc01ffdfa83275a8f9,0x405abb410000000000000000000000000000000000000000000000001035a0c89cc4e8d1000000000000000000000000000000000000000000000000000000006a61b2d7,0xc5d291607600044348e5014404cc18394bd1d57d,42161,range,1300992,1,created,SDK-compatible EIP-2718 type 0x69 RLP + keccak256,0x7eccbbd05830edf593d30005b8f69e965af4d59f,0xc5d291607600044348e5014404cc18394bd1d57d,,40000,0xe190c930c2381d5fb98cdf75cfe21820062bf8dbabb82bcc5558f21ba76680d2,25593605,1784787671,74,0x313d6f5ff4716e826d4dec75862b4efb3f9973d58b35fd41c032623196afc88b,4735248481536,0,486787212,0x3dc62f5e517e5127f40467e8fcb2d53da5e5c87d32c954a65bd5e023abd60ad4,40000,1784788075,0xa6826eedfd945ad2e3701b50221c998252527ee74bafd401add456242a3547f2,1,high,official SDK-compatible retryable creation id -> L2 receipt,exact,100000000,735248481536,9,2514455,95373879,0x4ad746d697b96cede7cb6f6e8f95422ddf95bddd48f3f8ff2a9b9fb5af3b6663,0x0000000000000000000000007eccbbd05830edf593d30005b8f69e965af4d59f00000000000000000000000000000000000000000000000000000000000000000000000000000000000000000000000000000000000000000000044e82cdbd00000000000000000000000000000000000000000000000000000000ab30397d00000000000000000000000000c5d291607600044348e5014404cc18394bd1d57d000000000000000000000000c5d291607600044348e5014404cc18394bd1d57d0000000000000000000000000000000000000000000000000000000000009c400000000000000000000000000000000000000000000000000000000005f5e1000000000000000000000000000000000000000000000000000000000000000044405abb410000000000000000000000000000000000000000000000001035a0c89cc4e8d1000000000000000000000000000000000000000000000000000000006a61b2d7,auto_redeem_success,0xa6826eedfd945ad2e3701b50221c998252527ee74bafd401add456242a3547f2,0x4240cfb03ec9b1ea38cb7bfcd26ee7bc3b506bc2,404,404
486788706,95662,1,1784788450,0x721a55f1de7f4f946a60b5df99ffb930d85e83a253a8cad036d7858a60a876b6,0x2e567b36000000000000000000000000998f02a9e343ef6e3e6f28700d5a20f839fd74e6000000000000000000000000ddcf13a06a734f02445799b48f9ffd547ac68204000000000000000000000000ddcf13a06a734f02445799b48f9ffd547ac682040000000000000000000000000000000000000000000000000de0b6b3a764000000000000000000000000000000000000000000000000000000000000000000a000000000000000000000000000000000000000000000000000000000000002400000000000000000000000000000000000000000000000000000000000000040000000000000000000000000000000000000000000000000000000000000022000000000000000000000000000000000000000000000000000000000000001c0000000000000000000000000000000000000000000000000000000000000006000000000000000000000000000000000000000000000000000000000000001000000000000000000000000000000000000000000000000000000000000000180000000000000000000000000000000000000000000000000000000000000008000000000000000000000000000000000000000000000000000000000000000200000000000000000000000000000000000000000000000000000000000000022526f62696e686f6f64204d61726b65747320284f6e646f20546f6b656e697a656429000000000000000000000000000000000000000000000000000000000000000000000000000000000000000000000000000000000000000000000000006000000000000000000000000000000000000000000000000000000000000000200000000000000000000000000000000000000000000000000000000000000006484f4f446f6e0000000000000000000000000000000000000000000000000000000000000000000000000000000000000000000000000000000000000000002000000000000000000000000000000000000000000000000000000000000000120000000000000000000000000000000000000000000000000000000000000000,0xddcf13a06a734f02445799b48f9ffd547ac68204,42161,range,1300992,1,created,SDK-compatible EIP-2718 type 0x69 RLP + keccak256,0x09e9222e96e7b4ae2a407b98d48e330053351eee,0xddcf13a06a734f02445799b48f9ffd547ac68204,,761909,0x8d616290ea99d1fa2357041a0785237935e3816675f1f282a84f7706eab165ce,25593633,1784788007,180,0x1d47c029fea0eb899f3969e6f89b47437695e43cf02f279bd5adb7072214d9fa,93555690432960,0,486788706,0x24e22c940b25b8aa7afa8c997ea5e75ad2c911e12f3666e62734f4b12134751c,761909,1784788450,0x2532f30a59657e238c51ad63bbff4e4cdf0bbf58214efa72e39fe19548dd3ac3,1,high,official SDK-compatible retryable creation id -> L2 receipt,exact,120000000,2126610432960,9,2514458,93609309,0x778896d12f3b2dd3615c0b7fbb809066b3f78eb38d647f79851170b164ffd36d,0x00000000000000000000000009e9222e96e7b4ae2a407b98d48e330053351eee000000000000000000000000000000000000000000000000000000000000000000000000000000000000000000000000000000000000000000005516a1b1e9c0000000000000000000000000000000000000000000000000000001ef23dc03c0000000000000000000000000ddcf13a06a734f02445799b48f9ffd547ac68204000000000000000000000000ddcf13a06a734f02445799b48f9ffd547ac6820400000000000000000000000000000000000000000000000000000000000ba0350000000000000000000000000000000000000000000000000000000007270e0000000000000000000000000000000000000000000000000000000000000003042e567b36000000000000000000000000998f02a9e343ef6e3e6f28700d5a20f839fd74e6000000000000000000000000ddcf13a06a734f02445799b48f9ffd547ac68204000000000000000000000000ddcf13a06a734f02445799b48f9ffd547ac682040000000000000000000000000000000000000000000000000de0b6b3a764000000000000000000000000000000000000000000000000000000000000000000a000000000000000000000000000000000000000000000000000000000000002400000000000000000000000000000000000000000000000000000000000000040000000000000000000000000000000000000000000000000000000000000022000000000000000000000000000000000000000000000000000000000000001c0000000000000000000000000000000000000000000000000000000000000006000000000000000000000000000000000000000000000000000000000000001000000000000000000000000000000000000000000000000000000000000000180000000000000000000000000000000000000000000000000000000000000008000000000000000000000000000000000000000000000000000000000000000200000000000000000000000000000000000000000000000000000000000000022526f62696e686f6f64204d61726b65747320284f6e646f20546f6b656e697a656429000000000000000000000000000000000000000000000000000000000000000000000000000000000000000000000000000000000000000000000000006000000000000000000000000000000000000000000000000000000000000000200000000000000000000000000000000000000000000000000000000000000006484f4f446f6e0000000000000000000000000000000000000000000000000000000000000000000000000000000000000000000000000000000000000000002000000000000000000000000000000000000000000000000000000000000000120000000000000000000000000000000000000000000000000000000000000000,auto_redeem_success,0x2532f30a59657e238c51ad63bbff4e4cdf0bbf58214efa72e39fe19548dd3ac3,0xb4b8b6f88361f48403514059f1f16c8e78d61ffd,443,443
486791789,21000,1,1784789230,0xa15b6307d680dccf1d405b3dc54ebcbd77556971d2a39c2912de798518741ba2,0x,0x45e66745f32bfcd14bc37ff7ddc09519eb075460,42161,range,1300995,1,created,SDK-compatible EIP-2718 type 0x69 RLP + keccak256,0x45e66745f32bfcd14bc37ff7ddc09519eb075460,0x45e66745f32bfcd14bc37ff7ddc09519eb075460,,27511,0x054b61a0a350371355c3dfdca3e074bada17b96c8dda6bd3c39a2c879796e5b4,25593678,1784788547,390,0x81c8b00c983b9920758e4cdb769e955baf78682926388f96999dd1ef349a646a,60003861115160000,60000000000000000,486791789,0xb66b97a64cdc2d9288b48f6496e855913015d7da52a50e45c2a8a2b44a1ea3b7,27511,1784789230,0xb0cfd0158db2d1c75022a12dc0129b2f41f358e71cba990030e7d52bf9370c5c,1,high,official SDK-compatible retryable creation id -> L2 receipt,exact,120036000,558804764000,9,2514463,90994163,0x63c4c7cc2aa5a117c3aaf011038591e39558cbef88804531773856674386470c,0x00000000000000000000000045e66745f32bfcd14bc37ff7ddc09519eb07546000000000000000000000000000000000000000000000000000d529ae9e86000000000000000000000000000000000000000000000000000000d52d319aebc5c0000000000000000000000000000000000000000000000000000000821b5c056000000000000000000000000045e66745f32bfcd14bc37ff7ddc09519eb07546000000000000000000000000045e66745f32bfcd14bc37ff7ddc09519eb0754600000000000000000000000000000000000000000000000000000000000006b770000000000000000000000000000000000000000000000000000000007279aa00000000000000000000000000000000000000000000000000000000000000000,auto_redeem_success,0xb0cfd0158db2d1c75022a12dc0129b2f41f358e71cba990030e7d52bf9370c5c,0x56f76745f32bfcd14bc37ff7ddc09519eb076571,683,683
486793278,95174,1,1784789605,0x313488e7ccf28d8e27628c8ebc0179837ae1dac852f9e53c2804c87c15b1cee2,0x2e567b36000000000000000000000000ba100000625a3754423978a60c9317c58a424e3d00000000000000000000000049719d256a5ea16bfa579ea16e95bea9fa41a45200000000000000000000000049719d256a5ea16bfa579ea16e95bea9fa41a452000000000000000000000000000000000000000000000017282ea5b75ed4c87600000000000000000000000000000000000000000000000000000000000000a000000000000000000000000000000000000000000000000000000000000002200000000000000000000000000000000000000000000000000000000000000040000000000000000000000000000000000000000000000000000000000000020000000000000000000000000000000000000000000000000000000000000001a0000000000000000000000000000000000000000000000000000000000000006000000000000000000000000000000000000000000000000000000000000000e0000000000000000000000000000000000000000000000000000000000000016000000000000000000000000000000000000000000000000000000000000000600000000000000000000000000000000000000000000000000000000000000020000000000000000000000000000000000000000000000000000000000000000842616c616e63657200000000000000000000000000000000000000000000000000000000000000000000000000000000000000000000000000000000000000600000000000000000000000000000000000000000000000000000000000000020000000000000000000000000000000000000000000000000000000000000000342414c0000000000000000000000000000000000000000000000000000000000000000000000000000000000000000000000000000000000000000000000002000000000000000000000000000000000000000000000000000000000000000120000000000000000000000000000000000000000000000000000000000000000,0x49719d256a5ea16bfa579ea16e95bea9fa41a452,42161,range,1300997,1,created,SDK-compatible EIP-2718 type 0x69 RLP + keccak256,0x09e9222e96e7b4ae2a407b98d48e330053351eee,0x49719d256a5ea16bfa579ea16e95bea9fa41a452,,300000,0x7dcd1a9fb798099cd6411378ab4eadbd38f1a56887c1b91b1ff7d2efcb41435e,25593716,1784789003,314,0xbf032be2b42ad77b715cdb32ac85c5ae90b6f7fdb45d78f054db97650892c535,32318742795000,0,486793278,0x9205057e8a5a9633d55ef804827fcabe32510a6b8e980b452ed88274549a5876,300000,1784789605,0x565a9599e3aaefdf3f95ddf857f56e675668be1fcc23802f80b60ca958b58cf2,1,high,official SDK-compatible retryable creation id -> L2 receipt,exact,100270000,2237742795000,9,2514467,97609497,0x4e64f4eccb70e5ae6c5f591c5bf34136a5d6add16b5af899e415cdb270ea0448,0x00000000000000000000000009e9222e96e7b4ae2a407b98d48e330053351eee000000000000000000000000000000000000000000000000000000000000000000000000000000000000000000000000000000000000000000001d64cb2f12f80000000000000000000000000000000000000000000000000000020903dd48f800000000000000000000000049719d256a5ea16bfa579ea16e95bea9fa41a45200000000000000000000000049719d256a5ea16bfa579ea16e95bea9fa41a45200000000000000000000000000000000000000000000000000000000000493e00000000000000000000000000000000000000000000000000000000005f9ffb000000000000000000000000000000000000000000000000000000000000002e42e567b36000000000000000000000000ba100000625a3754423978a60c9317c58a424e3d00000000000000000000000049719d256a5ea16bfa579ea16e95bea9fa41a45200000000000000000000000049719d256a5ea16bfa579ea16e95bea9fa41a452000000000000000000000000000000000000000000000017282ea5b75ed4c87600000000000000000000000000000000000000000000000000000000000000a000000000000000000000000000000000000000000000000000000000000002200000000000000000000000000000000000000000000000000000000000000040000000000000000000000000000000000000000000000000000000000000020000000000000000000000000000000000000000000000000000000000000001a0000000000000000000000000000000000000000000000000000000000000006000000000000000000000000000000000000000000000000000000000000000e0000000000000000000000000000000000000000000000000000000000000016000000000000000000000000000000000000000000000000000000000000000600000000000000000000000000000000000000000000000000000000000000020000000000000000000000000000000000000000000000000000000000000000842616c616e63657200000000000000000000000000000000000000000000000000000000000000000000000000000000000000000000000000000000000000600000000000000000000000000000000000000000000000000000000000000020000000000000000000000000000000000000000000000000000000000000000342414c0000000000000000000000000000000000000000000000000000000000000000000000000000000000000000000000000000000000000000000000002000000000000000000000000000000000000000000000000000000000000000120000000000000000000000000000000000000000000000000000000000000000,auto_redeem_success,0x565a9599e3aaefdf3f95ddf857f56e675668be1fcc23802f80b60ca958b58cf2,0xb4b8b6f88361f48403514059f1f16c8e78d61ffd,602,602
486793281,95174,1,1784789605,0x4a99fd3341586b8dcfb537cae4ba7a19111e1c7f4cf23cc686e2429107238046,0x2e567b36000000000000000000000000ba100000625a3754423978a60c9317c58a424e3d00000000000000000000000005e913919fe520259272505169478ba05061887400000000000000000000000005e913919fe520259272505169478ba05061887400000000000000000000000000000000000000000000001d78b8fa57f48004df00000000000000000000000000000000000000000000000000000000000000a000000000000000000000000000000000000000000000000000000000000002200000000000000000000000000000000000000000000000000000000000000040000000000000000000000000000000000000000000000000000000000000020000000000000000000000000000000000000000000000000000000000000001a0000000000000000000000000000000000000000000000000000000000000006000000000000000000000000000000000000000000000000000000000000000e0000000000000000000000000000000000000000000000000000000000000016000000000000000000000000000000000000000000000000000000000000000600000000000000000000000000000000000000000000000000000000000000020000000000000000000000000000000000000000000000000000000000000000842616c616e63657200000000000000000000000000000000000000000000000000000000000000000000000000000000000000000000000000000000000000600000000000000000000000000000000000000000000000000000000000000020000000000000000000000000000000000000000000000000000000000000000342414c0000000000000000000000000000000000000000000000000000000000000000000000000000000000000000000000000000000000000000000000002000000000000000000000000000000000000000000000000000000000000000120000000000000000000000000000000000000000000000000000000000000000,0x16fa13919fe520259272505169478ba050619985,42161,range,1300997,1,created,SDK-compatible EIP-2718 type 0x69 RLP + keccak256,0x09e9222e96e7b4ae2a407b98d48e330053351eee,0x16fa13919fe520259272505169478ba050619985,,5000000,0x53c8a5c857681fe8f227abb782997d6007ba12340a5faf187c0495cc6b2e2635,25593729,1784789159,606,0x9a4b472ebb26ff20f4c16f92027d0cc6649efb0409e2d7b9d9c2cfb2563e0a99,508000000000000,0,486793281,0x4e2ec7428979708a86af1d5b5eef702e7eb029bcdf582d101a9edffdf24fdc63,5000000,1784789605,0x9fe42446714d368320bfd859c077ed7a2dc2150ddf1634dab8e73d103ed1afcf,1,high,official SDK-compatible retryable creation id -> L2 receipt,exact,100000000,8000000000000,9,2514470,100155518,0x2611609dbc9678a193095301958c7d0213abd2ab5fcb1950158d92671e443dc4,0x00000000000000000000000009e9222e96e7b4ae2a407b98d48e330053351eee00000000000000000000000000000000000000000000000000000000000000000000000000000000000000000000000000000000000000000001ce05f78bc00000000000000000000000000000000000000000000000000000000746a528800000000000000000000000000016fa13919fe520259272505169478ba05061998500000000000000000000000016fa13919fe520259272505169478ba05061998500000000000000000000000000000000000000000000000000000000004c4b400000000000000000000000000000000000000000000000000000000005f5e10000000000000000000000000000000000000000000000000000000000000002e42e567b36000000000000000000000000ba100000625a3754423978a60c9317c58a424e3d00000000000000000000000005e913919fe520259272505169478ba05061887400000000000000000000000005e913919fe520259272505169478ba05061887400000000000000000000000000000000000000000000001d78b8fa57f48004df00000000000000000000000000000000000000000000000000000000000000a000000000000000000000000000000000000000000000000000000000000002200000000000000000000000000000000000000000000000000000000000000040000000000000000000000000000000000000000000000000000000000000020000000000000000000000000000000000000000000000000000000000000001a0000000000000000000000000000000000000000000000000000000000000006000000000000000000000000000000000000000000000000000000000000000e0000000000000000000000000000000000000000000000000000000000000016000000000000000000000000000000000000000000000000000000000000000600000000000000000000000000000000000000000000000000000000000000020000000000000000000000000000000000000000000000000000000000000000842616c616e63657200000000000000000000000000000000000000000000000000000000000000000000000000000000000000000000000000000000000000600000000000000000000000000000000000000000000000000000000000000020000000000000000000000000000000000000000000000000000000000000000342414c0000000000000000000000000000000000000000000000000000000000000000000000000000000000000000000000000000000000000000000000002000000000000000000000000000000000000000000000000000000000000000120000000000000000000000000000000000000000000000000000000000000000,auto_redeem_success,0x9fe42446714d368320bfd859c077ed7a2dc2150ddf1634dab8e73d103ed1afcf,0xb4b8b6f88361f48403514059f1f16c8e78d61ffd,446,446
486793282,81826,1,1784789605,0x3b642ccf09e4a6b570cff711d9e4e81dbc14be9099f1c0fd2955a64df09d423d,0x2e567b36000000000000000000000000c02aaa39b223fe8d0a0e5c4f27ead9083c756cc2000000000000000000000000c186fa914353c44b2e33ebe05f21846f1048beda000000000000000000000000e35e9842fceaca96570b734083f4a58e8f7c5f2a0000000000000000000000000000000000000000000000000255617ba6c1da9d00000000000000000000000000000000000000000000000000000000000000a000000000000000000000000000000000000000000000000000000000000000800000000000000000000000000000000000000000000000000000000000000040000000000000000000000000000000000000000000000000000000000000006000000000000000000000000000000000000000000000000000000000000000000000000000000000000000000000000000000000000000000000000000000000,0xd297fa914353c44b2e33ebe05f21846f1048cfeb,42161,range,1300997,1,created,SDK-compatible EIP-2718 type 0x69 RLP + keccak256,0x6c411ad3e74de3e7bd422b94a27770f5b86c623b,0x07ae8551be970cb1cca11dd7a11f47ae82e70e67,,300000,0x53c8a5c857681fe8f227abb782997d6007ba12340a5faf187c0495cc6b2e2635,25593729,1784789159,876,0x94f147ebb4013129fa51f2510b17fee558bbfd8c1eae67f5eb9cdeec1130f866,179647744802855581,168147744802855581,486793282,0xe9eae1162e9a819cbb7d8b3fd19727ca23e5004a44cdf616f65ba39ad6c76ac3,300000,1784789605,0xbad28130a7b78847847c5c8321d4dd36659301e1b892e93bfdfc399af8242da8,1,high,official SDK-compatible retryable creation id -> L2 receipt,exact,5000000000,10000000000000000,9,2514471,100155518,0x52d04d596a4787081274f1fc5e0d815ed89a390633d60f2709bddfe9dae902d5,0x0000000000000000000000006c411ad3e74de3e7bd422b94a27770f5b86c623b0000000000000000000000000000000000000000000000000255617ba6c1da9d000000000000000000000000000000000000000000000000027e3cac0dac9a9d000000000000000000000000000000000000000000000000002386f26fc1000000000000000000000000000007ae8551be970cb1cca11dd7a11f47ae82e70e67000000000000000000000000d297fa914353c44b2e33ebe05f21846f1048cfeb00000000000000000000000000000000000000000000000000000000000493e0000000000000000000000000000000000000000000000000000000012a05f20000000000000000000000000000000000000000000000000000000000000001442e567b36000000000000000000000000c02aaa39b223fe8d0a0e5c4f27ead9083c756cc2000000000000000000000000c186fa914353c44b2e33ebe05f21846f1048beda000000000000000000000000e35e9842fceaca96570b734083f4a58e8f7c5f2a0000000000000000000000000000000000000000000000000255617ba6c1da9d00000000000000000000000000000000000000000000000000000000000000a000000000000000000000000000000000000000000000000000000000000000800000000000000000000000000000000000000000000000000000000000000040000000000000000000000000000000000000000000000000000000000000006000000000000000000000000000000000000000000000000000000000000000000000000000000000000000000000000000000000000000000000000000000000,auto_redeem_success,0xbad28130a7b78847847c5c8321d4dd36659301e1b892e93bfdfc399af8242da8,0xea3123e9d9911199a6711321d1277285e6d4f3ec,446,446
486793283,63096,1,1784789605,0x8ad563316d67a5015f74779839e3e15d42ac15f47dd7c2f4f6eb22f3e802d245,0x493a4f84b3849c4daae1b850712e45c74db6ae7757de0ceb9adea30b2a892f72eab0469b0000000000000000000000000000000000000000000000000000000000000000,0x07ae8551be970cb1cca11dd7a11f47ae82e70e67,42161,range,1300997,1,created,SDK-compatible EIP-2718 type 0x69 RLP + keccak256,0xe35e9842fceaca96570b734083f4a58e8f7c5f2a,0x07ae8551be970cb1cca11dd7a11f47ae82e70e67,,2000000,0x53c8a5c857681fe8f227abb782997d6007ba12340a5faf187c0495cc6b2e2635,25593729,1784789159,881,0x94f147ebb4013129fa51f2510b17fee558bbfd8c1eae67f5eb9cdeec1130f866,20000000000000000,0,486793283,0x7ff9e857a65165732f74d406678bcd595debd60db376e4649d3fb7ac5c0cd1d5,2000000,1784789605,0xca6e7037ed94e338d173ba6f26616fe05e30ffe74a1fe209f40cb11046aa441b,1,high,official SDK-compatible retryable creation id -> L2 receipt,exact,5000000000,10000000000000000,9,2514472,100155518,0x900a24bf6ad6dae7d537cb0ec5ae85b573652108bf3f8f029f4415e2b7d4ccf9,0x000000000000000000000000e35e9842fceaca96570b734083f4a58e8f7c5f2a000000000000000000000000000000000000000000000000000000000000000000000000000000000000000000000000000000000000000000470de4df820000000000000000000000000000000000000000000000000000002386f26fc1000000000000000000000000000007ae8551be970cb1cca11dd7a11f47ae82e70e6700000000000000000000000007ae8551be970cb1cca11dd7a11f47ae82e70e6700000000000000000000000000000000000000000000000000000000001e8480000000000000000000000000000000000000000000000000000000012a05f2000000000000000000000000000000000000000000000000000000000000000044493a4f84b3849c4daae1b850712e45c74db6ae7757de0ceb9adea30b2a892f72eab0469b0000000000000000000000000000000000000000000000000000000000000000,auto_redeem_success,0xca6e7037ed94e338d173ba6f26616fe05e30ffe74a1fe209f40cb11046aa441b,0xd297fa914353c44b2e33ebe05f21846f1048cfeb,446,446
486794833,81838,1,1784789995,0xfc257bebe60e3ca3aa70f5e7031bab370ed4da0dd8397afb30dd08f47dfd6f24,0x2e567b36000000000000000000000000c02aaa39b223fe8d0a0e5c4f27ead9083c756cc200000000000000000000000007ae8551be970cb1cca11dd7a11f47ae82e70e6700000000000000000000000007ae8551be970cb1cca11dd7a11f47ae82e70e67000000000000000000000000000000000000000000000007da6dc73ed2dac61f00000000000000000000000000000000000000000000000000000000000000a000000000000000000000000000000000000000000000000000000000000000800000000000000000000000000000000000000000000000000000000000000040000000000000000000000000000000000000000000000000000000000000006000000000000000000000000000000000000000000000000000000000000000000000000000000000000000000000000000000000000000000000000000000000,0x07ae8551be970cb1cca11dd7a11f47ae82e70e67,42161,range,1301000,1,created,SDK-compatible EIP-2718 type 0x69 RLP + keccak256,0x6c411ad3e74de3e7bd422b94a27770f5b86c623b,0x07ae8551be970cb1cca11dd7a11f47ae82e70e67,,150000,0x87dbc9c25f2b97eb54a1deb9fccbda3f0cc60db1e59806901df07f9797097138,25593754,1784789459,564,0xd68845bfb27254e23a659bcbca46dea3061377ac2b4672eb11a1a5381ef4c755,144879663861336065567,144866663861336065567,486794833,0x6f95621e1969501fab9f7bac572e50d13469eca52f8624e1b45cc6d5e6143764,150000,1784789995,0x55efc2dd1f16402798591ef28d0f17bfde9317e9e7a7cd302b87879c939f75a4,1,high,official SDK-compatible retryable creation id -> L2 receipt,exact,20000000000,10000000000000000,9,2514475,110000050,0x76d1215c64d23f39b09d5299130ce35df9e323e4005394085929b77794bf75b3,0x0000000000000000000000006c411ad3e74de3e7bd422b94a27770f5b86c623b000000000000000000000000000000000000000000000007da6dc73ed2dac61f000000000000000000000000000000000000000000000007da9bf6ad30ef461f000000000000000000000000000000000000000000000000002386f26fc1000000000000000000000000000007ae8551be970cb1cca11dd7a11f47ae82e70e6700000000000000000000000007ae8551be970cb1cca11dd7a11f47ae82e70e6700000000000000000000000000000000000000000000000000000000000249f000000000000000000000000000000000000000000000000000000004a817c80000000000000000000000000000000000000000000000000000000000000001442e567b36000000000000000000000000c02aaa39b223fe8d0a0e5c4f27ead9083c756cc200000000000000000000000007ae8551be970cb1cca11dd7a11f47ae82e70e6700000000000000000000000007ae8551be970cb1cca11dd7a11f47ae82e70e67000000000000000000000000000000000000000000000007da6dc73ed2dac61f00000000000000000000000000000000000000000000000000000000000000a000000000000000000000000000000000000000000000000000000000000000800000000000000000000000000000000000000000000000000000000000000040000000000000000000000000000000000000000000000000000000000000006000000000000000000000000000000000000000000000000000000000000000000000000000000000000000000000000000000000000000000000000000000000,auto_redeem_success,0x55efc2dd1f16402798591ef28d0f17bfde9317e9e7a7cd302b87879c939f75a4,0xea3123e9d9911199a6711321d1277285e6d4f3ec,536,536
486799363,95330,1,1784791136,0xd07a528c17cc3918d963cee6144fba539992e82669a3934974b967c1d4a6705d,0x2e567b36000000000000000000000000d33526068d116ce69f19a9ee46f0bd304f21a51f00000000000000000000000084cab37995229530d9e6e5cff2f8f4ebe4517d66000000000000000000000000db4118d3f835dc4e003fdc4483da6efb9788e1be00000000000000000000000000000000000000000000000142691fddbfe58b5200000000000000000000000000000000000000000000000000000000000000a000000000000000000000000000000000000000000000000000000000000002200000000000000000000000000000000000000000000000000000000000000040000000000000000000000000000000000000000000000000000000000000020000000000000000000000000000000000000000000000000000000000000001a0000000000000000000000000000000000000000000000000000000000000006000000000000000000000000000000000000000000000000000000000000000e00000000000000000000000000000000000000000000000000000000000000160000000000000000000000000000000000000000000000000000000000000006000000000000000000000000000000000000000000000000000000000000000200000000000000000000000000000000000000000000000000000000000000014526f636b657420506f6f6c2050726f746f636f6c00000000000000000000000000000000000000000000000000000000000000000000000000000000000000600000000000000000000000000000000000000000000000000000000000000020000000000000000000000000000000000000000000000000000000000000000352504c0000000000000000000000000000000000000000000000000000000000000000000000000000000000000000000000000000000000000000000000002000000000000000000000000000000000000000000000000000000000000000120000000000000000000000000000000000000000000000000000000000000000,0x95dbb37995229530d9e6e5cff2f8f4ebe4518e77,42161,range,1301010,1,created,SDK-compatible EIP-2718 type 0x69 RLP + keccak256,0x09e9222e96e7b4ae2a407b98d48e330053351eee,0xdb4118d3f835dc4e003fdc4483da6efb9788e1be,,300000,0x0673ddd70ece25416421b9f76ff6a0e997140f6f46f1eee989c8ed51607fb659,25593844,1784790551,406,0x43d4a05aaafae3c9f01de957d2e186776c032bed4913ff5503d0b2884873d339,530000000000000,0,486799363,0xd3e9dcd3fa8f5e2101810d24aa32c62e16e644b72a652cec76a58bbc323888db,300000,1784791136,0xca9f228b1a67fde3f0716fb9b9272e1804d34c3be49b95a7c56d9059afc36a86,1,high,official SDK-compatible retryable creation id -> L2 receipt,exact,100000000,500000000000000,9,2514483,127396144,0xab85dc6cd8b1454c5fe20d4f1d74ab67b243b1f25340304ec860459b99238b90,0x00000000000000000000000009e9222e96e7b4ae2a407b98d48e330053351eee00000000000000000000000000000000000000000000000000000000000000000000000000000000000000000000000000000000000000000001e2083dbb20000000000000000000000000000000000000000000000000000001c6bf52634000000000000000000000000000db4118d3f835dc4e003fdc4483da6efb9788e1be00000000000000000000000095dbb37995229530d9e6e5cff2f8f4ebe4518e7700000000000000000000000000000000000000000000000000000000000493e00000000000000000000000000000000000000000000000000000000005f5e10000000000000000000000000000000000000000000000000000000000000002e42e567b36000000000000000000000000d33526068d116ce69f19a9ee46f0bd304f21a51f00000000000000000000000084cab37995229530d9e6e5cff2f8f4ebe4517d66000000000000000000000000db4118d3f835dc4e003fdc4483da6efb9788e1be00000000000000000000000000000000000000000000000142691fddbfe58b5200000000000000000000000000000000000000000000000000000000000000a000000000000000000000000000000000000000000000000000000000000002200000000000000000000000000000000000000000000000000000000000000040000000000000000000000000000000000000000000000000000000000000020000000000000000000000000000000000000000000000000000000000000001a0000000000000000000000000000000000000000000000000000000000000006000000000000000000000000000000000000000000000000000000000000000e00000000000000000000000000000000000000000000000000000000000000160000000000000000000000000000000000000000000000000000000000000006000000000000000000000000000000000000000000000000000000000000000200000000000000000000000000000000000000000000000000000000000000014526f636b657420506f6f6c2050726f746f636f6c00000000000000000000000000000000000000000000000000000000000000000000000000000000000000600000000000000000000000000000000000000000000000000000000000000020000000000000000000000000000000000000000000000000000000000000000352504c0000000000000000000000000000000000000000000000000000000000000000000000000000000000000000000000000000000000000000000000002000000000000000000000000000000000000000000000000000000000000000120000000000000000000000000000000000000000000000000000000000000000,auto_redeem_success,0xca9f228b1a67fde3f0716fb9b9272e1804d34c3be49b95a7c56d9059afc36a86,0xb4b8b6f88361f48403514059f1f16c8e78d61ffd,585,585
486800919,63096,1,1784791526,0xdf049258a25cac2d0a117e6edd45cb9ca095ae4f0e8dfc014d4a6b2572ee7e8f,0x493a4f845dd6b8eac92a745a174bf97da0e5f54a78559f2d33c11955a99f31c1027586ed0000000000000000000000000000000000000000000000000000000000000000,0x07ae8551be970cb1cca11dd7a11f47ae82e70e67,42161,range,1301013,1,created,SDK-compatible EIP-2718 type 0x69 RLP + keccak256,0xe35e9842fceaca96570b734083f4a58e8f7c5f2a,0x07ae8551be970cb1cca11dd7a11f47ae82e70e67,,2000000,0x62e95ed9d32d5898609cdfe1c0057bb3e11f27da42ff94c38844e5926b43bc45,25593884,1784791043,350,0x20be956bbe92589487ba6ae55b83757fbf71a97e18c8fea69d625cf3cec827f6,20000000000000000,0,486800919,0xc1bf33993511625f411cc8fd578915017022d3f80f1095ee0be3435b6567a8d6,2000000,1784791526,0x5f6309e24aaf54dc2d37965e50b561fdd7ac52fdde96270926de4a1e70d5fa18,1,high,official SDK-compatible retryable creation id -> L2 receipt,exact,5000000000,10000000000000000,9,2514489,113631331,0x5c3a76597ee3ad50c4df79fd1684c73712f76df5bed59559aa812f26c4399d9f,0x000000000000000000000000e35e9842fceaca96570b734083f4a58e8f7c5f2a000000000000000000000000000000000000000000000000000000000000000000000000000000000000000000000000000000000000000000470de4df820000000000000000000000000000000000000000000000000000002386f26fc1000000000000000000000000000007ae8551be970cb1cca11dd7a11f47ae82e70e6700000000000000000000000007ae8551be970cb1cca11dd7a11f47ae82e70e6700000000000000000000000000000000000000000000000000000000001e8480000000000000000000000000000000000000000000000000000000012a05f2000000000000000000000000000000000000000000000000000000000000000044493a4f845dd6b8eac92a745a174bf97da0e5f54a78559f2d33c11955a99f31c1027586ed0000000000000000000000000000000000000000000000000000000000000000,auto_redeem_success,0x5f6309e24aaf54dc2d37965e50b561fdd7ac52fdde96270926de4a1e70d5fa18,0xd297fa914353c44b2e33ebe05f21846f1048cfeb,483,483
486805533,112774,1,1784792681,0xa253cfb963e308e0d9e64202ae374c3562532a3691decab28ede9bca3fd816aa,0x2e567b36000000000000000000000000998f02a9e343ef6e3e6f28700d5a20f839fd74e6000000000000000000000000e6223bf350f6d28de96641edbc21503976a0d17e000000000000000000000000e6223bf350f6d28de96641edbc21503976a0d17e00000000000000000000000000000000000000000000000084d7dd1ac26ba00000000000000000000000000000000000000000000000000000000000000000a000000000000000000000000000000000000000000000000000000000000002400000000000000000000000000000000000000000000000000000000000000040000000000000000000000000000000000000000000000000000000000000022000000000000000000000000000000000000000000000000000000000000001c0000000000000000000000000000000000000000000000000000000000000006000000000000000000000000000000000000000000000000000000000000001000000000000000000000000000000000000000000000000000000000000000180000000000000000000000000000000000000000000000000000000000000008000000000000000000000000000000000000000000000000000000000000000200000000000000000000000000000000000000000000000000000000000000022526f62696e686f6f64204d61726b65747320284f6e646f20546f6b656e697a656429000000000000000000000000000000000000000000000000000000000000000000000000000000000000000000000000000000000000000000000000006000000000000000000000000000000000000000000000000000000000000000200000000000000000000000000000000000000000000000000000000000000006484f4f446f6e0000000000000000000000000000000000000000000000000000000000000000000000000000000000000000000000000000000000000000002000000000000000000000000000000000000000000000000000000000000000120000000000000000000000000000000000000000000000000000000000000000,0xf7333bf350f6d28de96641edbc21503976a0e28f,42161,range,1301021,1,created,SDK-compatible EIP-2718 type 0x69 RLP + keccak256,0x09e9222e96e7b4ae2a407b98d48e330053351eee,0xf7333bf350f6d28de96641edbc21503976a0e28f,,148895,0xa1feb53029fabd692cc8ffb9c981fd36c4a24d34c386fad13eb69122a7811d6b,25593974,1784792123,586,0x7affd88efd872dbc1fe0ef4a7ff92c7c6cce17fdd352e21a6701ba7098c1c6bb,20339153863328,0,486805533,0x9498064e9eb2ab7709ee055a55b613d84186a98d5c7ef7f5745de6dd28d079cd,148895,1784792681,0x447b875d08f8592a88bc33f5cd19e70b3868d05026061284e673bd8041a9f11f,1,high,official SDK-compatible retryable creation id -> L2 receipt,exact,120252000,2434232323328,9,2514498,100484717,0x1a802490f1cd6df88b56cc1bb7894ad87a1f760837a970804f9ab6bacfbb9ea3,0x00000000000000000000000009e9222e96e7b4ae2a407b98d48e330053351eee00000000000000000000000000000000000000000000000000000000000000000000000000000000000000000000000000000000000000000000127f940a82a000000000000000000000000000000000000000000000000000000236c38d8d00000000000000000000000000f7333bf350f6d28de96641edbc21503976a0e28f000000000000000000000000f7333bf350f6d28de96641edbc21503976a0e28f000000000000000000000000000000000000000000000000000000000002459f00000000000000000000000000000000000000000000000000000000072ae66000000000000000000000000000000000000000000000000000000000000003042e567b36000000000000000000000000998f02a9e343ef6e3e6f28700d5a20f839fd74e6000000000000000000000000e6223bf350f6d28de96641edbc21503976a0d17e000000000000000000000000e6223bf350f6d28de96641edbc21503976a0d17e00000000000000000000000000000000000000000000000084d7dd1ac26ba00000000000000000000000000000000000000000000000000000000000000000a000000000000000000000000000000000000000000000000000000000000002400000000000000000000000000000000000000000000000000000000000000040000000000000000000000000000000000000000000000000000000000000022000000000000000000000000000000000000000000000000000000000000001c0000000000000000000000000000000000000000000000000000000000000006000000000000000000000000000000000000000000000000000000000000001000000000000000000000000000000000000000000000000000000000000000180000000000000000000000000000000000000000000000000000000000000008000000000000000000000000000000000000000000000000000000000000000200000000000000000000000000000000000000000000000000000000000000022526f62696e686f6f64204d61726b65747320284f6e646f20546f6b656e697a656429000000000000000000000000000000000000000000000000000000000000000000000000000000000000000000000000000000000000000000000000006000000000000000000000000000000000000000000000000000000000000000200000000000000000000000000000000000000000000000000000000000000006484f4f446f6e0000000000000000000000000000000000000000000000000000000000000000000000000000000000000000000000000000000000000000002000000000000000000000000000000000000000000000000000000000000000120000000000000000000000000000000000000000000000000000000000000000,auto_redeem_success,0x447b875d08f8592a88bc33f5cd19e70b3868d05026061284e673bd8041a9f11f,0xb4b8b6f88361f48403514059f1f16c8e78d61ffd,558,558
486805534,95686,1,1784792681,0x8489373de3c492d6c4192e1d95008c05523cb4a768204ecaf11d44715f8bc98f,0x2e567b36000000000000000000000000998f02a9e343ef6e3e6f28700d5a20f839fd74e600000000000000000000000064f3f1691101cd41b9908fc10a6c7a292d5defd300000000000000000000000064f3f1691101cd41b9908fc10a6c7a292d5defd30000000000000000000000000000000000000000000000007f5f0fca0212fff400000000000000000000000000000000000000000000000000000000000000a000000000000000000000000000000000000000000000000000000000000002400000000000000000000000000000000000000000000000000000000000000040000000000000000000000000000000000000000000000000000000000000022000000000000000000000000000000000000000000000000000000000000001c0000000000000000000000000000000000000000000000000000000000000006000000000000000000000000000000000000000000000000000000000000001000000000000000000000000000000000000000000000000000000000000000180000000000000000000000000000000000000000000000000000000000000008000000000000000000000000000000000000000000000000000000000000000200000000000000000000000000000000000000000000000000000000000000022526f62696e686f6f64204d61726b65747320284f6e646f20546f6b656e697a656429000000000000000000000000000000000000000000000000000000000000000000000000000000000000000000000000000000000000000000000000006000000000000000000000000000000000000000000000000000000000000000200000000000000000000000000000000000000000000000000000000000000006484f4f446f6e0000000000000000000000000000000000000000000000000000000000000000000000000000000000000000000000000000000000000000002000000000000000000000000000000000000000000000000000000000000000120000000000000000000000000000000000000000000000000000000000000000,0x64f3f1691101cd41b9908fc10a6c7a292d5defd3,42161,range,1301021,1,created,SDK-compatible EIP-2718 type 0x69 RLP + keccak256,0x09e9222e96e7b4ae2a407b98d48e330053351eee,0x64f3f1691101cd41b9908fc10a6c7a292d5defd3,,148911,0xb4ca0b9ddb9c1a7fd90f5a716492784b171f71a71209b80c2ba7c895c891f82d,25593979,1784792183,702,0x4a623dbb2521f1e00c9d99aef9218e40d57277856795d744a9035fb9b14b4096,20599330106496,0,486805534,0x3b7d1e96821f79314b7e7ad3e6c6a2208f3446fe9c6fc2946b98cd87cf193813,148911,1784792681,0xa9655a15e3b524100b02d14315c12c7f442fab925364d0b44b42009695fcae3f,1,high,official SDK-compatible retryable creation id -> L2 receipt,exact,120672000,2629941914496,9,2514499,107785662,0x053e180bac4e092faae1e016bc0c1ecc148a97a89fc37be0d71f03957f7e9a5a,0x00000000000000000000000009e9222e96e7b4ae2a407b98d48e330053351eee0000000000000000000000000000000000000000000000000000000000000000000000000000000000000000000000000000000000000000000012bc27c0ec800000000000000000000000000000000000000000000000000000026454c0eb8000000000000000000000000064f3f1691101cd41b9908fc10a6c7a292d5defd300000000000000000000000064f3f1691101cd41b9908fc10a6c7a292d5defd300000000000000000000000000000000000000000000000000000000000245af0000000000000000000000000000000000000000000000000000000007314f0000000000000000000000000000000000000000000000000000000000000003042e567b36000000000000000000000000998f02a9e343ef6e3e6f28700d5a20f839fd74e600000000000000000000000064f3f1691101cd41b9908fc10a6c7a292d5defd300000000000000000000000064f3f1691101cd41b9908fc10a6c7a292d5defd30000000000000000000000000000000000000000000000007f5f0fca0212fff400000000000000000000000000000000000000000000000000000000000000a000000000000000000000000000000000000000000000000000000000000002400000000000000000000000000000000000000000000000000000000000000040000000000000000000000000000000000000000000000000000000000000022000000000000000000000000000000000000000000000000000000000000001c0000000000000000000000000000000000000000000000000000000000000006000000000000000000000000000000000000000000000000000000000000001000000000000000000000000000000000000000000000000000000000000000180000000000000000000000000000000000000000000000000000000000000008000000000000000000000000000000000000000000000000000000000000000200000000000000000000000000000000000000000000000000000000000000022526f62696e686f6f64204d61726b65747320284f6e646f20546f6b656e697a656429000000000000000000000000000000000000000000000000000000000000000000000000000000000000000000000000000000000000000000000000006000000000000000000000000000000000000000000000000000000000000000200000000000000000000000000000000000000000000000000000000000000006484f4f446f6e0000000000000000000000000000000000000000000000000000000000000000000000000000000000000000000000000000000000000000002000000000000000000000000000000000000000000000000000000000000000120000000000000000000000000000000000000000000000000000000000000000,auto_redeem_success,0xa9655a15e3b524100b02d14315c12c7f442fab925364d0b44b42009695fcae3f,0xb4b8b6f88361f48403514059f1f16c8e78d61ffd,498,498
486807089,95698,1,1784793071,0x036ebcf3262a19b4c3cff218ec03125fcdc78380ccf449eb5dc2c37b0daa8dfd,0x2e567b36000000000000000000000000998f02a9e343ef6e3e6f28700d5a20f839fd74e6000000000000000000000000811ebabacdaf293e860a66637e5049f8eb36e85e000000000000000000000000811ebabacdaf293e860a66637e5049f8eb36e85e00000000000000000000000000000000000000000000000196cc1eef72843a9900000000000000000000000000000000000000000000000000000000000000a000000000000000000000000000000000000000000000000000000000000002400000000000000000000000000000000000000000000000000000000000000040000000000000000000000000000000000000000000000000000000000000022000000000000000000000000000000000000000000000000000000000000001c0000000000000000000000000000000000000000000000000000000000000006000000000000000000000000000000000000000000000000000000000000001000000000000000000000000000000000000000000000000000000000000000180000000000000000000000000000000000000000000000000000000000000008000000000000000000000000000000000000000000000000000000000000000200000000000000000000000000000000000000000000000000000000000000022526f62696e686f6f64204d61726b65747320284f6e646f20546f6b656e697a656429000000000000000000000000000000000000000000000000000000000000000000000000000000000000000000000000000000000000000000000000006000000000000000000000000000000000000000000000000000000000000000200000000000000000000000000000000000000000000000000000000000000006484f4f446f6e0000000000000000000000000000000000000000000000000000000000000000000000000000000000000000000000000000000000000000002000000000000000000000000000000000000000000000000000000000000000120000000000000000000000000000000000000000000000000000000000000000,0x811ebabacdaf293e860a66637e5049f8eb36e85e,42161,range,1301024,1,created,SDK-compatible EIP-2718 type 0x69 RLP + keccak256,0x09e9222e96e7b4ae2a407b98d48e330053351eee,0x811ebabacdaf293e860a66637e5049f8eb36e85e,,148926,0x8294eb338965bacf54a3f3f091e4879def84c03b85a62ea212c7205450160b87,25593993,1784792351,257,0x29925a34b290f52765f75e12ca0f5859a9ec2160bef2d1efea3b66f01f177823,20802531032256,0,486807089,0x7b53bb73704601ec6559c01c86db0efbcdcff846abac5672aeb9047c683bdc69,148926,1784793071,0x8e8f55f348a46519cfebf0d273b9c515e301b1ae6a9b6b2be92e93340c6a421c,1,high,official SDK-compatible retryable creation id -> L2 receipt,exact,120204000,2901030128256,9,2514501,117855804,0xfd2b3add19277147449d447287d143ce8d199cd84ba64cc4a997a52d7f793966,0x00000000000000000000000009e9222e96e7b4ae2a407b98d48e330053351eee0000000000000000000000000000000000000000000000000000000000000000000000000000000000000000000000000000000000000000000012eb7778fcc0000000000000000000000000000000000000000000000000000002a372deca80000000000000000000000000811ebabacdaf293e860a66637e5049f8eb36e85e000000000000000000000000811ebabacdaf293e860a66637e5049f8eb36e85e00000000000000000000000000000000000000000000000000000000000245be00000000000000000000000000000000000000000000000000000000072a2ae000000000000000000000000000000000000000000000000000000000000003042e567b36000000000000000000000000998f02a9e343ef6e3e6f28700d5a20f839fd74e6000000000000000000000000811ebabacdaf293e860a66637e5049f8eb36e85e000000000000000000000000811ebabacdaf293e860a66637e5049f8eb36e85e00000000000000000000000000000000000000000000000196cc1eef72843a9900000000000000000000000000000000000000000000000000000000000000a000000000000000000000000000000000000000000000000000000000000002400000000000000000000000000000000000000000000000000000000000000040000000000000000000000000000000000000000000000000000000000000022000000000000000000000000000000000000000000000000000000000000001c0000000000000000000000000000000000000000000000000000000000000006000000000000000000000000000000000000000000000000000000000000001000000000000000000000000000000000000000000000000000000000000000180000000000000000000000000000000000000000000000000000000000000008000000000000000000000000000000000000000000000000000000000000000200000000000000000000000000000000000000000000000000000000000000022526f62696e686f6f64204d61726b65747320284f6e646f20546f6b656e697a656429000000000000000000000000000000000000000000000000000000000000000000000000000000000000000000000000000000000000000000000000006000000000000000000000000000000000000000000000000000000000000000200000000000000000000000000000000000000000000000000000000000000006484f4f446f6e0000000000000000000000000000000000000000000000000000000000000000000000000000000000000000000000000000000000000000002000000000000000000000000000000000000000000000000000000000000000120000000000000000000000000000000000000000000000000000000000000000,auto_redeem_success,0x8e8f55f348a46519cfebf0d273b9c515e301b1ae6a9b6b2be92e93340c6a421c,0xb4b8b6f88361f48403514059f1f16c8e78d61ffd,720,720
486807091,78586,1,1784793071,0x6204281780c77655c8897bf14c420388309c2b99d06715329c7ad8138f11cd06,0x2e567b36000000000000000000000000998f02a9e343ef6e3e6f28700d5a20f839fd74e600000000000000000000000064f3f1691101cd41b9908fc10a6c7a292d5defd300000000000000000000000064f3f1691101cd41b9908fc10a6c7a292d5defd3000000000000000000000000000000000000000000000000b208e03e88bedb8200000000000000000000000000000000000000000000000000000000000000a000000000000000000000000000000000000000000000000000000000000002400000000000000000000000000000000000000000000000000000000000000040000000000000000000000000000000000000000000000000000000000000022000000000000000000000000000000000000000000000000000000000000001c0000000000000000000000000000000000000000000000000000000000000006000000000000000000000000000000000000000000000000000000000000001000000000000000000000000000000000000000000000000000000000000000180000000000000000000000000000000000000000000000000000000000000008000000000000000000000000000000000000000000000000000000000000000200000000000000000000000000000000000000000000000000000000000000022526f62696e686f6f64204d61726b65747320284f6e646f20546f6b656e697a656429000000000000000000000000000000000000000000000000000000000000000000000000000000000000000000000000000000000000000000000000006000000000000000000000000000000000000000000000000000000000000000200000000000000000000000000000000000000000000000000000000000000006484f4f446f6e0000000000000000000000000000000000000000000000000000000000000000000000000000000000000000000000000000000000000000002000000000000000000000000000000000000000000000000000000000000000120000000000000000000000000000000000000000000000000000000000000000,0x64f3f1691101cd41b9908fc10a6c7a292d5defd3,42161,range,1301024,1,created,SDK-compatible EIP-2718 type 0x69 RLP + keccak256,0x09e9222e96e7b4ae2a407b98d48e330053351eee,0x64f3f1691101cd41b9908fc10a6c7a292d5defd3,,148911,0xbfad0e6394aa63a9a634461bb17bc05335c4875c33bd95bf81812642289df3cd,25593995,1784792375,641,0x9c71fbdafceb8d328d44b1b42489878312d9dab1f939f00ac0c8a9130ac0b082,20714731770912,0,486807091,0x4e96dfeebee219e2ac093bd12a22a8cd1c110fb053a8866614370cf74e7e9ebd,148911,1784793071,0x957e52c6af3a9a9927c79ed57824ccc73f496fcc18d7d0afc5c819a94e1a85e2,1,high,official SDK-compatible retryable creation id -> L2 receipt,exact,120012000,2843624838912,9,2514503,106603515,0x7879dd7fe02bb4c834497164ffc3a6470652fddf740bf2969473e2e9a1c61cee,0x00000000000000000000000009e9222e96e7b4ae2a407b98d48e330053351eee0000000000000000000000000000000000000000000000000000000000000000000000000000000000000000000000000000000000000000000012d7063a942000000000000000000000000000000000000000000000000000000296153f970000000000000000000000000064f3f1691101cd41b9908fc10a6c7a292d5defd300000000000000000000000064f3f1691101cd41b9908fc10a6c7a292d5defd300000000000000000000000000000000000000000000000000000000000245af0000000000000000000000000000000000000000000000000000000007273ce000000000000000000000000000000000000000000000000000000000000003042e567b36000000000000000000000000998f02a9e343ef6e3e6f28700d5a20f839fd74e600000000000000000000000064f3f1691101cd41b9908fc10a6c7a292d5defd300000000000000000000000064f3f1691101cd41b9908fc10a6c7a292d5defd3000000000000000000000000000000000000000000000000b208e03e88bedb8200000000000000000000000000000000000000000000000000000000000000a000000000000000000000000000000000000000000000000000000000000002400000000000000000000000000000000000000000000000000000000000000040000000000000000000000000000000000000000000000000000000000000022000000000000000000000000000000000000000000000000000000000000001c0000000000000000000000000000000000000000000000000000000000000006000000000000000000000000000000000000000000000000000000000000001000000000000000000000000000000000000000000000000000000000000000180000000000000000000000000000000000000000000000000000000000000008000000000000000000000000000000000000000000000000000000000000000200000000000000000000000000000000000000000000000000000000000000022526f62696e686f6f64204d61726b65747320284f6e646f20546f6b656e697a656429000000000000000000000000000000000000000000000000000000000000000000000000000000000000000000000000000000000000000000000000006000000000000000000000000000000000000000000000000000000000000000200000000000000000000000000000000000000000000000000000000000000006484f4f446f6e0000000000000000000000000000000000000000000000000000000000000000000000000000000000000000000000000000000000000000002000000000000000000000000000000000000000000000000000000000000000120000000000000000000000000000000000000000000000000000000000000000,auto_redeem_success,0x957e52c6af3a9a9927c79ed57824ccc73f496fcc18d7d0afc5c819a94e1a85e2,0xb4b8b6f88361f48403514059f1f16c8e78d61ffd,696,696
486808586,81826,1,1784793446,0x695323fdf597b915a9c65c892115614229987542865e2a13bd66aa011869eb97,0x2e567b36000000000000000000000000c02aaa39b223fe8d0a0e5c4f27ead9083c756cc2000000000000000000000000c186fa914353c44b2e33ebe05f21846f1048beda000000000000000000000000e35e9842fceaca96570b734083f4a58e8f7c5f2a000000000000000000000000000000000000000000000000189182038353879200000000000000000000000000000000000000000000000000000000000000a000000000000000000000000000000000000000000000000000000000000000800000000000000000000000000000000000000000000000000000000000000040000000000000000000000000000000000000000000000000000000000000006000000000000000000000000000000000000000000000000000000000000000000000000000000000000000000000000000000000000000000000000000000000,0xd297fa914353c44b2e33ebe05f21846f1048cfeb,42161,range,1301027,1,created,SDK-compatible EIP-2718 type 0x69 RLP + keccak256,0x6c411ad3e74de3e7bd422b94a27770f5b86c623b,0x07ae8551be970cb1cca11dd7a11f47ae82e70e67,,300000,0xd97b9eaed706b7da596801dfe4d28c14955e7234bbaae42ff065e79b222424ff,25594043,1784792951,325,0x36fb444abc91debdeeb5946cb6d5ee9d5ac4e9517854ed19f740262e19997f9a,1781839080133117842,1770339080133117842,486808586,0xab995532f5adee3df2c6de0b292d6e019efecb3b7fdb5663a3582f112df1e0da,300000,1784793446,0x140e822fcd013f135e6c4a19121c104429ebd32c7278a470afb8058fb91426a3,1,high,official SDK-compatible retryable creation id -> L2 receipt,exact,5000000000,10000000000000000,9,2514508,103416157,0xa160745ded1eb4d6896b3c723d079d87b8bef3c22235af32c1aa7a4322639834,0x0000000000000000000000006c411ad3e74de3e7bd422b94a27770f5b86c623b000000000000000000000000000000000000000000000000189182038353879200000000000000000000000000000000000000000000000018ba5d33ea3e4792000000000000000000000000000000000000000000000000002386f26fc1000000000000000000000000000007ae8551be970cb1cca11dd7a11f47ae82e70e67000000000000000000000000d297fa914353c44b2e33ebe05f21846f1048cfeb00000000000000000000000000000000000000000000000000000000000493e0000000000000000000000000000000000000000000000000000000012a05f20000000000000000000000000000000000000000000000000000000000000001442e567b36000000000000000000000000c02aaa39b223fe8d0a0e5c4f27ead9083c756cc2000000000000000000000000c186fa914353c44b2e33ebe05f21846f1048beda000000000000000000000000e35e9842fceaca96570b734083f4a58e8f7c5f2a000000000000000000000000000000000000000000000000189182038353879200000000000000000000000000000000000000000000000000000000000000a000000000000000000000000000000000000000000000000000000000000000800000000000000000000000000000000000000000000000000000000000000040000000000000000000000000000000000000000000000000000000000000006000000000000000000000000000000000000000000000000000000000000000000000000000000000000000000000000000000000000000000000000000000000,auto_redeem_success,0x140e822fcd013f135e6c4a19121c104429ebd32c7278a470afb8058fb91426a3,0xea3123e9d9911199a6711321d1277285e6d4f3ec,495,495
486808587,83380,1,1784793446,0x3c05bacb6d454973796cd0d273520033c2b39173ce9e47cbf8e4fd349a5b15d8,0x493a4f84878752c56f7d05a28cec8840132b1ccc448cc9b1ec6a8f01353ab4f697c6eb11cc7cf36a11b649ac11ad2e792f110eb54ad8107c7684d6087cee40fd0d3159e6,0x07ae8551be970cb1cca11dd7a11f47ae82e70e67,42161,range,1301027,1,created,SDK-compatible EIP-2718 type 0x69 RLP + keccak256,0xe35e9842fceaca96570b734083f4a58e8f7c5f2a,0x07ae8551be970cb1cca11dd7a11f47ae82e70e67,,2000000,0xd97b9eaed706b7da596801dfe4d28c14955e7234bbaae42ff065e79b222424ff,25594043,1784792951,330,0x36fb444abc91debdeeb5946cb6d5ee9d5ac4e9517854ed19f740262e19997f9a,20000000000000000,0,486808587,0x5f1ec74c13ac70eda2ecc1b57f794309ed76d77b4eeeda2cfc37a89cc192a2f1,2000000,1784793446,0x89132dbf25442ae9a6da1d87d7ff15e020598b144d5e87430cb2a3381402bb9a,1,high,official SDK-compatible retryable creation id -> L2 receipt,exact,5000000000,10000000000000000,9,2514509,103416157,0x73e8c36a5fe61d87796b87eb91d27b19cf99f7965c08d5c43ef99f912670e8ce,0x000000000000000000000000e35e9842fceaca96570b734083f4a58e8f7c5f2a000000000000000000000000000000000000000000000000000000000000000000000000000000000000000000000000000000000000000000470de4df820000000000000000000000000000000000000000000000000000002386f26fc1000000000000000000000000000007ae8551be970cb1cca11dd7a11f47ae82e70e6700000000000000000000000007ae8551be970cb1cca11dd7a11f47ae82e70e6700000000000000000000000000000000000000000000000000000000001e8480000000000000000000000000000000000000000000000000000000012a05f2000000000000000000000000000000000000000000000000000000000000000044493a4f84878752c56f7d05a28cec8840132b1ccc448cc9b1ec6a8f01353ab4f697c6eb11cc7cf36a11b649ac11ad2e792f110eb54ad8107c7684d6087cee40fd0d3159e6,auto_redeem_success,0x89132dbf25442ae9a6da1d87d7ff15e020598b144d5e87430cb2a3381402bb9a,0xd297fa914353c44b2e33ebe05f21846f1048cfeb,495,495
486810146,95686,1,1784793836,0xfc9299a929387935c9753e8047490b05896bd0669354b98c22d08cb889dd19f8,0x2e567b36000000000000000000000000998f02a9e343ef6e3e6f28700d5a20f839fd74e60000000000000000000000008d834919956af4f696f729bdcaba61c9f16529f50000000000000000000000008d834919956af4f696f729bdcaba61c9f16529f5000000000000000000000000000000000000000000000000425475d2917baee100000000000000000000000000000000000000000000000000000000000000a000000000000000000000000000000000000000000000000000000000000002400000000000000000000000000000000000000000000000000000000000000040000000000000000000000000000000000000000000000000000000000000022000000000000000000000000000000000000000000000000000000000000001c0000000000000000000000000000000000000000000000000000000000000006000000000000000000000000000000000000000000000000000000000000001000000000000000000000000000000000000000000000000000000000000000180000000000000000000000000000000000000000000000000000000000000008000000000000000000000000000000000000000000000000000000000000000200000000000000000000000000000000000000000000000000000000000000022526f62696e686f6f64204d61726b65747320284f6e646f20546f6b656e697a656429000000000000000000000000000000000000000000000000000000000000000000000000000000000000000000000000000000000000000000000000006000000000000000000000000000000000000000000000000000000000000000200000000000000000000000000000000000000000000000000000000000000006484f4f446f6e0000000000000000000000000000000000000000000000000000000000000000000000000000000000000000000000000000000000000000002000000000000000000000000000000000000000000000000000000000000000120000000000000000000000000000000000000000000000000000000000000000,0x8d834919956af4f696f729bdcaba61c9f16529f5,42161,range,1301029,1,created,SDK-compatible EIP-2718 type 0x69 RLP + keccak256,0x09e9222e96e7b4ae2a407b98d48e330053351eee,0x8d834919956af4f696f729bdcaba61c9f16529f5,,126334,0x22fbde41c12356224efd1e96e1092ea8899d1b2a46e96399b276193cc337db9a,25594083,1784793431,227,0xdbcb45869d146e07360ac20f3d38a48b157d89f9b9126a513047086c43f61a6b,17806233879616,0,486810146,0xd9df097081d57c4c3c0ef2ca40571c0dc1bceed37adc9c848e683cd7fba52733,126334,1784793836,0xd01a090bfd18a7b8b79a85b9fd92bfd8542bf55c5d358a2f326d80d3e519b541,1,high,official SDK-compatible retryable creation id -> L2 receipt,exact,120000000,2646153879616,9,2514513,110910442,0x66bbb86d4651fbfc4e53e0fb8a573c48e98636b603fa0198193946bfbb479e56,0x00000000000000000000000009e9222e96e7b4ae2a407b98d48e330053351eee000000000000000000000000000000000000000000000000000000000000000000000000000000000000000000000000000000000000000000001031d63ec440000000000000000000000000000000000000000000000000000002681b0fe0400000000000000000000000008d834919956af4f696f729bdcaba61c9f16529f50000000000000000000000008d834919956af4f696f729bdcaba61c9f16529f5000000000000000000000000000000000000000000000000000000000001ed7e0000000000000000000000000000000000000000000000000000000007270e0000000000000000000000000000000000000000000000000000000000000003042e567b36000000000000000000000000998f02a9e343ef6e3e6f28700d5a20f839fd74e60000000000000000000000008d834919956af4f696f729bdcaba61c9f16529f50000000000000000000000008d834919956af4f696f729bdcaba61c9f16529f5000000000000000000000000000000000000000000000000425475d2917baee100000000000000000000000000000000000000000000000000000000000000a000000000000000000000000000000000000000000000000000000000000002400000000000000000000000000000000000000000000000000000000000000040000000000000000000000000000000000000000000000000000000000000022000000000000000000000000000000000000000000000000000000000000001c0000000000000000000000000000000000000000000000000000000000000006000000000000000000000000000000000000000000000000000000000000001000000000000000000000000000000000000000000000000000000000000000180000000000000000000000000000000000000000000000000000000000000008000000000000000000000000000000000000000000000000000000000000000200000000000000000000000000000000000000000000000000000000000000022526f62696e686f6f64204d61726b65747320284f6e646f20546f6b656e697a656429000000000000000000000000000000000000000000000000000000000000000000000000000000000000000000000000000000000000000000000000006000000000000000000000000000000000000000000000000000000000000000200000000000000000000000000000000000000000000000000000000000000006484f4f446f6e0000000000000000000000000000000000000000000000000000000000000000000000000000000000000000000000000000000000000000002000000000000000000000000000000000000000000000000000000000000000120000000000000000000000000000000000000000000000000000000000000000,auto_redeem_success,0xd01a090bfd18a7b8b79a85b9fd92bfd8542bf55c5d358a2f326d80d3e519b541,0xb4b8b6f88361f48403514059f1f16c8e78d61ffd,405,405
